channel,total_revenue,total_orders
In-Store,13816709.20347491,7130
Online,16980934.561345,8579
