order_month,total_customers,total_revenue,total_orders
1,1377,2868051.208158282,1391
2,1699,3462361.503341592,1724
3,943,1977838.6685192594,950
4,524,1000588.2236155181,525
5,1365,2743919.4225827735,1381
6,1249,2489532.1786877667,1266
7,1186,2189361.812945648,1205
8,1259,2528539.8708438156,1273
9,1332,2565500.6681507984,1353
10,1441,2658039.1854035724,1462
11,1398,2811703.012661114,1419
12,1731,3502208.009909733,1760
