Category,total_orders,percentage_of_total
Cell phones,29038,24.597426579587
Computers,27151,22.998991978179
"Music, Movies and Audio Books",21979,18.617908905322
Games and Toys,13158,11.145841274681
Home Appliances,8549,7.241662643050
