Age_Group,Customer_Count,Percentage_of_Customers
18-30,2513,18.165389619777
31-45,3102,22.423015758276
46-60,3146,22.741072719387
Over 60,5073,36.670521902558
