Brand,total_orders,percentage_of_total
Contoso,33275,28.186492507602
The Phone Company,19164,16.233386699194
Southridge Video,18228,15.440522477192
Wide World Importers,9249,7.834616655231
Tailspin Toys,9113,7.719414161435
